{
  "backtest": {
    "base_dir": "backtests",
    "compress_cache": true,
    "end_date": "now",
    "exchange": "bybit",
    "start_date": "2024-11-01",
    "starting_balance": 200.0
  },
  "bot": {
    "long": {
      "close_grid_markup_range": 0.009813751947167446,
      "close_grid_min_markup": 0.011711575315594266,
      "close_grid_qty_pct": 0.6670135324296134,
      "close_trailing_grid_ratio": 0.22766329695005316,
      "close_trailing_qty_pct": 0.37352290068869415,
      "close_trailing_retracement_pct": 0.030886222005434814,
      "close_trailing_threshold_pct": 0.005876662398308899,
      "ema_span_0": 626.3030254423568,
      "ema_span_1": 683.8389252606817,
      "entry_grid_double_down_factor": 2.7984741456477917,
      "entry_grid_spacing_pct": 0.010918508483674247,
      "entry_grid_spacing_weight": 4.071903948492298,
      "entry_initial_ema_dist": -0.027700890335042676,
      "entry_initial_qty_pct": 0.05273293921712325,
      "entry_trailing_grid_ratio": -0.9274107618246183,
      "entry_trailing_retracement_pct": 0.062369661506118924,
      "entry_trailing_threshold_pct": -0.0039755875422905,
      "filter_relative_volume_clip_pct": 0.8302748372654976,
      "filter_rolling_window": 24.137668331249525,
      "n_positions": 4.457900263454302,
      "total_wallet_exposure_limit": 4.863435676640782,
      "unstuck_close_pct": 0.0360318326087619,
      "unstuck_ema_dist": -0.011055200925868782,
      "unstuck_loss_allowance_pct": 0.012727891436816848,
      "unstuck_threshold": 0.7231390159492863
    },
    "short": {
      "close_grid_markup_range": 0.02427356757110901,
      "close_grid_min_markup": 0.014177452214697711,
      "close_grid_qty_pct": 0.1734202632284095,
      "close_trailing_grid_ratio": -0.6432084733285165,
      "close_trailing_qty_pct": 0.1396975924160949,
      "close_trailing_retracement_pct": 0.0446783690586761,
      "close_trailing_threshold_pct": -0.03182641188774514,
      "ema_span_0": 729.9262757243686,
      "ema_span_1": 872.7142778765453,
      "entry_grid_double_down_factor": 0.6925451018716001,
      "entry_grid_spacing_pct": 0.11792065371207898,
      "entry_grid_spacing_weight": 9.964181669168825,
      "entry_initial_ema_dist": -0.04556961421304987,
      "entry_initial_qty_pct": 0.0197588177814205,
      "entry_trailing_grid_ratio": -0.7535309062865246,
      "entry_trailing_retracement_pct": 0.05040003666747172,
      "entry_trailing_threshold_pct": 0.007950043420677837,
      "filter_relative_volume_clip_pct": 0.5455991853889591,
      "filter_rolling_window": 129.36551541675004,
      "n_positions": 14.352974147433205,
      "total_wallet_exposure_limit": 1.2114441909615414,
      "unstuck_close_pct": 0.0768578824259445,
      "unstuck_ema_dist": -0.009715126079552626,
      "unstuck_loss_allowance_pct": 0.018703402775773252,
      "unstuck_threshold": 0.5040232880563258
    }
  },
  "live": {
    "approved_coins": [
      "HMSTRUSDT",
      "MOODENGUSDT",
      "CROUSDT",
      "CATIUSDT",
      "DOGSUSDT",
      "NEIROETHUSDT",
      "XRPUSDT",
      "POPCATUSDT",
      "ENAUSDT",
      "GOATUSDT",
      "GRASSUSDT",
      "FOXYUSDT",
      "SUNDOGUSDT",
      "TIAUSDT",
      "DOGEUSDT",
      "JUPUSDT",
      "TAOUSDT",
      "RENDERUSDT",
      "ADAUSDT",
      "1000XUSDT",
      "1000PEPEUSDT",
      "DEEPUSDT"
    ],
    "auto_gs": true,
    "coin_flags": {},
    "empty_means_all_approved": false,
    "execution_delay_seconds": 2.0,
    "filter_by_min_effective_cost": true,
    "forced_mode_long": "",
    "forced_mode_short": "",
    "ignored_coins": [],
    "leverage": 10.0,
    "max_n_cancellations_per_batch": 5,
    "max_n_creations_per_batch": 3,
    "max_n_restarts_per_day": 10,
    "minimum_coin_age_days": 3.0,
    "ohlcvs_1m_rolling_window_days": 4.0,
    "ohlcvs_1m_update_after_minutes": 10.0,
    "pnls_max_lookback_days": 30.0,
    "price_distance_threshold": 0.002,
    "time_in_force": "good_till_cancelled",
    "user": "bybit_passivbot"
  },
  "optimize": {
    "bounds": {
      "long_close_grid_markup_range": [0.0, 0.03],
      "long_close_grid_min_markup": [0.001, 0.03],
      "long_close_grid_qty_pct": [0.05, 1.0],
      "long_close_trailing_grid_ratio": [-1.0, 1.0],
      "long_close_trailing_qty_pct": [0.05, 1.0],
      "long_close_trailing_retracement_pct": [0.0, 0.1],
      "long_close_trailing_threshold_pct": [-0.1, 0.1],
      "long_ema_span_0": [200.0, 1440.0],
      "long_ema_span_1": [200.0, 1440.0],
      "long_entry_grid_double_down_factor": [0.1, 3.0],
      "long_entry_grid_spacing_pct": [0.001, 0.12],
      "long_entry_grid_spacing_weight": [0.0, 10.0],
      "long_entry_initial_ema_dist": [-0.1, 0.003],
      "long_entry_initial_qty_pct": [0.005, 0.1],
      "long_entry_trailing_grid_ratio": [-1.0, 1.0],
      "long_entry_trailing_retracement_pct": [0.0, 0.1],
      "long_entry_trailing_threshold_pct": [-0.1, 0.1],
      "long_filter_relative_volume_clip_pct": [0.0, 1.0],
      "long_filter_rolling_window": [10.0, 360.0],
      "long_n_positions": [1.0, 20.0],
      "long_total_wallet_exposure_limit": [0.0, 5.0],
      "long_unstuck_close_pct": [0.001, 0.1],
      "long_unstuck_ema_dist": [-0.1, 0.01],
      "long_unstuck_loss_allowance_pct": [0.0, 0.05],
      "long_unstuck_threshold": [0.4, 0.95],
      "short_close_grid_markup_range": [0.0, 0.03],
      "short_close_grid_min_markup": [0.001, 0.03],
      "short_close_grid_qty_pct": [0.05, 1.0],
      "short_close_trailing_grid_ratio": [-1.0, 1.0],
      "short_close_trailing_qty_pct": [0.05, 1.0],
      "short_close_trailing_retracement_pct": [0.0, 0.1],
      "short_close_trailing_threshold_pct": [-0.1, 0.1],
      "short_ema_span_0": [200.0, 1440.0],
      "short_ema_span_1": [200.0, 1440.0],
      "short_entry_grid_double_down_factor": [0.1, 3.0],
      "short_entry_grid_spacing_pct": [0.001, 0.12],
      "short_entry_grid_spacing_weight": [0.0, 10.0],
      "short_entry_initial_ema_dist": [-0.1, 0.003],
      "short_entry_initial_qty_pct": [0.005, 0.1],
      "short_entry_trailing_grid_ratio": [-1.0, 1.0],
      "short_entry_trailing_retracement_pct": [0.0, 0.1],
      "short_entry_trailing_threshold_pct": [-0.1, 0.1],
      "short_filter_relative_volume_clip_pct": [0.0, 1.0],
      "short_filter_rolling_window": [10.0, 360.0],
      "short_n_positions": [1.0, 20.0],
      "short_total_wallet_exposure_limit": [0.0, 5.0],
      "short_unstuck_close_pct": [0.001, 0.1],
      "short_unstuck_ema_dist": [-0.1, 0.01],
      "short_unstuck_loss_allowance_pct": [0.0, 0.05],
      "short_unstuck_threshold": [0.4, 0.95]
    },
    "compress_results_file": true,
    "crossover_probability": 0.7,
    "iters": 30000,
    "limits": {
      "lower_bound_drawdown_worst": 0.25,
      "lower_bound_equity_balance_diff_mean": 0.01,
      "lower_bound_loss_profit_ratio": 0.6
    },
    "mutation_probability": 0.2,
    "n_cpus": 12,
    "population_size": 500,
    "scoring": ["mdg", "sharpe_ratio"]
  }
}
