{
  "analysis": {
    "adg": 0.05527691312152655,
    "drawdown_worst": 0.23572229712312673,
    "equity_balance_diff_max": 0.23459099188185326,
    "equity_balance_diff_mean": 0.009296058163124139,
    "loss_profit_ratio": 0.14808394856801832,
    "mdg": 0.058170955592093905,
    "n_iters": 27518,
    "sharpe_ratio": 2.353395183871297,
    "w_0": -0.058170955592093905,
    "w_1": -2.353395183871297
  },
  "backtest": {
    "base_dir": "backtests",
    "cache_dir": "caches/hlcvs_data/fd4def241a88a258",
    "compress_cache": true,
    "end_date": "now",
    "exchange": "bybit",
    "start_date": "2024-11-10",
    "starting_balance": 200,
    "symbols": [
      "1000PEPEUSDT",
      "1000XUSDT",
      "ADAUSDT",
      "CATIUSDT",
      "CROUSDT",
      "DEEPUSDT",
      "DOGEUSDT",
      "DOGSUSDT",
      "ENAUSDT",
      "FOXYUSDT",
      "GOATUSDT",
      "GRASSUSDT",
      "HMSTRUSDT",
      "JUPUSDT",
      "MOODENGUSDT",
      "NEIROETHUSDT",
      "POPCATUSDT",
      "RENDERUSDT",
      "SUNDOGUSDT",
      "TAOUSDT",
      "TIAUSDT",
      "XRPUSDT"
    ]
  },
  "bot": {
    "long": {
      "close_grid_markup_range": 0.025922840654427078,
      "close_grid_min_markup": 0.02329320057365104,
      "close_grid_qty_pct": 0.9473690070412528,
      "close_trailing_grid_ratio": 0.04315553118853599,
      "close_trailing_qty_pct": 0.2717909081856382,
      "close_trailing_retracement_pct": 0.023068808739807416,
      "close_trailing_threshold_pct": -0.03993227606188114,
      "ema_span_0": 819.806450449231,
      "ema_span_1": 583.182776222966,
      "entry_grid_double_down_factor": 1.4821420642106418,
      "entry_grid_spacing_pct": 0.050492251640918764,
      "entry_grid_spacing_weight": 9.721203564581003,
      "entry_initial_ema_dist": -0.08719409353602466,
      "entry_initial_qty_pct": 0.04330342010567219,
      "entry_trailing_grid_ratio": -0.612812829687199,
      "entry_trailing_retracement_pct": 0.09847364952060936,
      "entry_trailing_threshold_pct": 0.09175328567156589,
      "filter_relative_volume_clip_pct": 0.4873730107279216,
      "filter_rolling_window": 250.6297473520225,
      "n_positions": 1.250201831926015,
      "total_wallet_exposure_limit": 4.884203057404347,
      "unstuck_close_pct": 0.07923127882105305,
      "unstuck_ema_dist": -0.051199439449865866,
      "unstuck_loss_allowance_pct": 0.007498165555685735,
      "unstuck_threshold": 0.5769434549395962
    },
    "short": {
      "close_grid_markup_range": 0.0009683884212525768,
      "close_grid_min_markup": 0.022857577905881964,
      "close_grid_qty_pct": 0.8887547585918798,
      "close_trailing_grid_ratio": 0.7643115431377931,
      "close_trailing_qty_pct": 0.6918658346724716,
      "close_trailing_retracement_pct": 0.020839666837797345,
      "close_trailing_threshold_pct": 0.011228199026248093,
      "ema_span_0": 221.84678819030802,
      "ema_span_1": 990.099119146659,
      "entry_grid_double_down_factor": 0.44476986787396455,
      "entry_grid_spacing_pct": 0.0730945953833409,
      "entry_grid_spacing_weight": 0.6345115167382442,
      "entry_initial_ema_dist": -0.06503138023972788,
      "entry_initial_qty_pct": 0.007932928901800168,
      "entry_trailing_grid_ratio": -0.8171804750964031,
      "entry_trailing_retracement_pct": 0.020920382024575905,
      "entry_trailing_threshold_pct": 0.09307666496783798,
      "filter_relative_volume_clip_pct": 0.1619546967935725,
      "filter_rolling_window": 206.31164817052328,
      "n_positions": 1.0619100268050674,
      "total_wallet_exposure_limit": 0.9611157760158695,
      "unstuck_close_pct": 0.09837236701063139,
      "unstuck_ema_dist": -0.003843099660727392,
      "unstuck_loss_allowance_pct": 0.03283453542309753,
      "unstuck_threshold": 0.4726163147220143
    }
  },
  "live": {
    "approved_coins": {
      "long": [
        "HMSTRUSDT",
        "MOODENGUSDT",
        "CROUSDT",
        "CATIUSDT",
        "DOGSUSDT",
        "NEIROETHUSDT",
        "XRPUSDT",
        "POPCATUSDT",
        "ENAUSDT",
        "GOATUSDT",
        "GRASSUSDT",
        "FOXYUSDT",
        "SUNDOGUSDT",
        "TIAUSDT",
        "DOGEUSDT",
        "JUPUSDT",
        "TAOUSDT",
        "RENDERUSDT",
        "ADAUSDT",
        "1000XUSDT",
        "1000PEPEUSDT",
        "DEEPUSDT"
      ],
      "short": [
        "HMSTRUSDT",
        "MOODENGUSDT",
        "CROUSDT",
        "CATIUSDT",
        "DOGSUSDT",
        "NEIROETHUSDT",
        "XRPUSDT",
        "POPCATUSDT",
        "ENAUSDT",
        "GOATUSDT",
        "GRASSUSDT",
        "FOXYUSDT",
        "SUNDOGUSDT",
        "TIAUSDT",
        "DOGEUSDT",
        "JUPUSDT",
        "TAOUSDT",
        "RENDERUSDT",
        "ADAUSDT",
        "1000XUSDT",
        "1000PEPEUSDT",
        "DEEPUSDT"
      ]
    },
    "auto_gs": true,
    "coin_flags": {},
    "empty_means_all_approved": false,
    "execution_delay_seconds": 2,
    "filter_by_min_effective_cost": false,
    "forced_mode_long": "",
    "forced_mode_short": "",
    "ignored_coins": { "long": [], "short": [] },
    "leverage": 10,
    "max_n_cancellations_per_batch": 5,
    "max_n_creations_per_batch": 3,
    "max_n_restarts_per_day": 10,
    "minimum_coin_age_days": 3,
    "ohlcvs_1m_rolling_window_days": 4,
    "ohlcvs_1m_update_after_minutes": 10,
    "pnls_max_lookback_days": 30,
    "price_distance_threshold": 0.002,
    "time_in_force": "good_till_cancelled",
    "user": "bybit_passivbot"
  },
  "optimize": {
    "bounds": {
      "long_close_grid_markup_range": [0, 0.03],
      "long_close_grid_min_markup": [0.001, 0.03],
      "long_close_grid_qty_pct": [0.05, 1],
      "long_close_trailing_grid_ratio": [-1, 1],
      "long_close_trailing_qty_pct": [0.05, 1],
      "long_close_trailing_retracement_pct": [0, 0.1],
      "long_close_trailing_threshold_pct": [-0.1, 0.1],
      "long_ema_span_0": [200, 1440],
      "long_ema_span_1": [200, 1440],
      "long_entry_grid_double_down_factor": [0.1, 3],
      "long_entry_grid_spacing_pct": [0.001, 0.12],
      "long_entry_grid_spacing_weight": [0, 10],
      "long_entry_initial_ema_dist": [-0.1, 0.003],
      "long_entry_initial_qty_pct": [0.005, 0.1],
      "long_entry_trailing_grid_ratio": [-1, 1],
      "long_entry_trailing_retracement_pct": [0, 0.1],
      "long_entry_trailing_threshold_pct": [-0.1, 0.1],
      "long_filter_relative_volume_clip_pct": [0, 1],
      "long_filter_rolling_window": [10, 360],
      "long_n_positions": [1, 20],
      "long_total_wallet_exposure_limit": [0, 5],
      "long_unstuck_close_pct": [0.001, 0.1],
      "long_unstuck_ema_dist": [-0.1, 0.01],
      "long_unstuck_loss_allowance_pct": [0, 0.05],
      "long_unstuck_threshold": [0.4, 0.95],
      "short_close_grid_markup_range": [0, 0.03],
      "short_close_grid_min_markup": [0.001, 0.03],
      "short_close_grid_qty_pct": [0.05, 1],
      "short_close_trailing_grid_ratio": [-1, 1],
      "short_close_trailing_qty_pct": [0.05, 1],
      "short_close_trailing_retracement_pct": [0, 0.1],
      "short_close_trailing_threshold_pct": [-0.1, 0.1],
      "short_ema_span_0": [200, 1440],
      "short_ema_span_1": [200, 1440],
      "short_entry_grid_double_down_factor": [0.1, 3],
      "short_entry_grid_spacing_pct": [0.001, 0.12],
      "short_entry_grid_spacing_weight": [0, 10],
      "short_entry_initial_ema_dist": [-0.1, 0.003],
      "short_entry_initial_qty_pct": [0.005, 0.1],
      "short_entry_trailing_grid_ratio": [-1, 1],
      "short_entry_trailing_retracement_pct": [0, 0.1],
      "short_entry_trailing_threshold_pct": [-0.1, 0.1],
      "short_filter_relative_volume_clip_pct": [0, 1],
      "short_filter_rolling_window": [10, 360],
      "short_n_positions": [1, 20],
      "short_total_wallet_exposure_limit": [0, 5],
      "short_unstuck_close_pct": [0.001, 0.1],
      "short_unstuck_ema_dist": [-0.1, 0.01],
      "short_unstuck_loss_allowance_pct": [0, 0.05],
      "short_unstuck_threshold": [0.4, 0.95]
    },
    "compress_results_file": true,