{
  "analysis": {
    "adg": 0.04961307344600265,
    "drawdown_worst": 0.10182276651133333,
    "equity_balance_diff_max": 0.1048497312897288,
    "equity_balance_diff_mean": 0.009577419822068441,
    "loss_profit_ratio": 0.059747124894054066,
    "mdg": 0.04999699817287238,
    "n_iters": 14885,
    "sharpe_ratio": 17.45773879651091,
    "w_0": -0.04999699817287238,
    "w_1": -17.45773879651091
  },
  "backtest": {
    "base_dir": "backtests",
    "cache_dir": "caches/hlcvs_data/f8cb303d89678fcb",
    "compress_cache": true,
    "end_date": "now",
    "exchange": "bybit",
    "start_date": "2024-11-15",
    "starting_balance": 200,
    "symbols": []
  },
  "bot": {
    "long": {
      "close_grid_markup_range": 0.019665896193316445,
      "close_grid_min_markup": 0.001564330920884335,
      "close_grid_qty_pct": 0.8068297223903391,
      "close_trailing_grid_ratio": 0.116113492364024,
      "close_trailing_qty_pct": 0.6805973153080536,
      "close_trailing_retracement_pct": 0.023021484947062264,
      "close_trailing_threshold_pct": 0.04377072737385368,
      "ema_span_0": 808.0959464267399,
      "ema_span_1": 1401.0873179852556,
      "entry_grid_double_down_factor": 2.026655093486066,
      "entry_grid_spacing_pct": 0.01987080346137207,
      "entry_grid_spacing_weight": 2.779609849710732,
      "entry_initial_ema_dist": -0.05571350165606309,
      "entry_initial_qty_pct": 0.043705531478552384,
      "entry_trailing_grid_ratio": 0.30773446061800075,
      "entry_trailing_retracement_pct": 0.039531206506653045,
      "entry_trailing_threshold_pct": 0.02200815672427829,
      "filter_relative_volume_clip_pct": 0.2038419047071863,
      "filter_rolling_window": 237.55159060067353,
      "n_positions": 1.9843039837123686,
      "total_wallet_exposure_limit": 4.672277149563163,
      "unstuck_close_pct": 0.04849907697542582,
      "unstuck_ema_dist": 0.00327221303312613,
      "unstuck_loss_allowance_pct": 0.010545052920853023,
      "unstuck_threshold": 0.6867344464442385
    },
    "short": {
      "close_grid_markup_range": 0.0027804870722547615,
      "close_grid_min_markup": 0.004134427699189958,
      "close_grid_qty_pct": 0.5611080815639518,
      "close_trailing_grid_ratio": 0.30392528180597467,
      "close_trailing_qty_pct": 0.3472116944968445,
      "close_trailing_retracement_pct": 0.02661945071919009,
      "close_trailing_threshold_pct": 0.05684464117128261,
      "ema_span_0": 697.0220684675998,
      "ema_span_1": 895.0539873439802,
      "entry_grid_double_down_factor": 2.4884623451657757,
      "entry_grid_spacing_pct": 0.03571504436534263,
      "entry_grid_spacing_weight": 5.681833435961531,
      "entry_initial_ema_dist": 0.0026237043736674565,
      "entry_initial_qty_pct": 0.017443491481903307,
      "entry_trailing_grid_ratio": 0.6689535153889317,
      "entry_trailing_retracement_pct": 0.04763455687373603,
      "entry_trailing_threshold_pct": 0.08354933071030504,
      "filter_relative_volume_clip_pct": 0.8546700985314846,
      "filter_rolling_window": 255.32818801665982,
      "n_positions": 2.93108645745133,
      "total_wallet_exposure_limit": 4.685648209948967,
      "unstuck_close_pct": 0.08750908279943723,
      "unstuck_ema_dist": -0.09535963040416093,
      "unstuck_loss_allowance_pct": 0.02045631045057554,
      "unstuck_threshold": 0.42316591716498264
    }
  },
  "live": {
    "approved_coins": { "long": [], "short": [] },
    "auto_gs": true,
    "coin_flags": {},
    "empty_means_all_approved": true,
    "execution_delay_seconds": 2,
    "filter_by_min_effective_cost": true,
    "forced_mode_long": "",
    "forced_mode_short": "",
    "ignored_coins": [],
    "leverage": 10,
    "max_n_cancellations_per_batch": 5,
    "max_n_creations_per_batch": 3,
    "max_n_restarts_per_day": 10,
    "minimum_coin_age_days": 3,
    "ohlcvs_1m_rolling_window_days": 4,
    "ohlcvs_1m_update_after_minutes": 10,
    "pnls_max_lookback_days": 30,
    "price_distance_threshold": 0.002,
    "time_in_force": "good_till_cancelled",
    "user": "bybit_passivbot"
  },
  "optimize": {
    "bounds": {
      "long_close_grid_markup_range": [0, 0.03],
      "long_close_grid_min_markup": [0.001, 0.03],
      "long_close_grid_qty_pct": [0.05, 1],
      "long_close_trailing_grid_ratio": [0, 1],
      "long_close_trailing_qty_pct": [0.05, 1],
      "long_close_trailing_retracement_pct": [0.005, 0.05],
      "long_close_trailing_threshold_pct": [0.01, 0.1],
      "long_ema_span_0": [200, 1440],
      "long_ema_span_1": [200, 1440],
      "long_entry_grid_double_down_factor": [0.1, 3],
      "long_entry_grid_spacing_pct": [0.001, 0.12],
      "long_entry_grid_spacing_weight": [0, 10],
      "long_entry_initial_ema_dist": [-0.1, 0.003],
      "long_entry_initial_qty_pct": [0.005, 0.1],
      "long_entry_trailing_grid_ratio": [0, 1],
      "long_entry_trailing_retracement_pct": [0.005, 0.05],
      "long_entry_trailing_threshold_pct": [0.01, 0.1],
      "long_filter_relative_volume_clip_pct": [0, 1],
      "long_filter_rolling_window": [10, 360],
      "long_n_positions": [1, 20],
      "long_total_wallet_exposure_limit": [0, 5],
      "long_unstuck_close_pct": [0.001, 0.1],
      "long_unstuck_ema_dist": [-0.1, 0.01],
      "long_unstuck_loss_allowance_pct": [0, 0.05],
      "long_unstuck_threshold": [0.4, 0.95],
      "short_close_grid_markup_range": [0, 0.03],
      "short_close_grid_min_markup": [0.001, 0.03],
      "short_close_grid_qty_pct": [0.05, 1],
      "short_close_trailing_grid_ratio": [0, 1],
      "short_close_trailing_qty_pct": [0.05, 1],
      "short_close_trailing_retracement_pct": [0.005, 0.05],
      "short_close_trailing_threshold_pct": [0.01, 0.1],
      "short_ema_span_0": [200, 1440],
      "short_ema_span_1": [200, 1440],
      "short_entry_grid_double_down_factor": [0.1, 3],
      "short_entry_grid_spacing_pct": [0.001, 0.12],
      "short_entry_grid_spacing_weight": [0, 10],
      "short_entry_initial_ema_dist": [-0.1, 0.003],
      "short_entry_initial_qty_pct": [0.005, 0.1],
      "short_entry_trailing_grid_ratio": [0, 1],
      "short_entry_trailing_retracement_pct": [0.005, 0.05],
      "short_entry_trailing_threshold_pct": [0.01, 0.1],
      "short_filter_relative_volume_clip_pct": [0, 1],
      "short_filter_rolling_window": [10, 360],
      "short_n_positions": [1, 20],
      "short_total_wallet_exposure_limit": [0, 5],
      "short_unstuck_close_pct": [0.001, 0.1],
      "short_unstuck_ema_dist": [-0.1, 0.01],
      "short_unstuck_loss_allowance_pct": [0, 0.05],
      "short_unstuck_threshold": [0.4, 0.95]
    },
    "compress_results_file": true,
    "crossover_probability": 0.7,
    "iters": 30000,
    "limits": {
      "lower_bound_drawdown_worst": 0.25,
      "lower_bound_equity_balance_diff_mean": 0.01,
      "lower_bound_loss_profit_ratio": 0.6
    },
    "mutation_probability": 0.2,
    "n_cpus": 12,
    "population_size": 500,
    "scoring": ["mdg", "sharpe_ratio"]
  },
  "results_filename": "optimize_results/2024-11-18T21_16_01_POPCAT_7a0774cf_all_results.txt"
}
