{
  "analysis": {
    "adg": 0.04961307344600265,
    "drawdown_worst": 0.10182276651133333,
    "equity_balance_diff_max": 0.1048497312897288,
    "equity_balance_diff_mean": 0.009577419822068441,
    "loss_profit_ratio": 0.059747124894054066,
    "mdg": 0.04999699817287238,
    "n_iters": 14885,
    "sharpe_ratio": 17.45773879651091,
    "w_0": -0.04999699817287238,
    "w_1": -17.45773879651091
  },
  "backtest": {
    "base_dir": "backtests",
    "cache_dir": "caches/hlcvs_data/f8cb303d89678fcb",
    "compress_cache": true,
    "end_date": "now",
    "exchange": "bybit",
    "start_date": "2024-11-11",
    "starting_balance": 200,
    "symbols": ["POPCATUSDT"]
  },
  "bot": {
    "long": {
      "close_grid_markup_range": 0.012840640368943982,
      "close_grid_min_markup": 0.007778938051621814,
      "close_grid_qty_pct": 0.07129862378498789,
      "close_trailing_grid_ratio": 0.9667154642186193,
      "close_trailing_qty_pct": 0.5252601672476681,
      "close_trailing_retracement_pct": 0.006524476517142479,
      "close_trailing_threshold_pct": 0.007540495507442161,
      "ema_span_0": 297.3840339039309,
      "ema_span_1": 1251.1252917931688,
      "entry_grid_double_down_factor": 1.0421338055686473,
      "entry_grid_spacing_pct": 0.11149387202506036,
      "entry_grid_spacing_weight": 5.778382502919189,
      "entry_initial_ema_dist": -0.05918710769584805,
      "entry_initial_qty_pct": 0.014729025558988383,
      "entry_trailing_grid_ratio": 0.6818940384500968,
      "entry_trailing_retracement_pct": 0.009413941694339116,
      "entry_trailing_threshold_pct": 0.00986376264343587,
      "filter_relative_volume_clip_pct": 0.7839726347382503,
      "filter_rolling_window": 97.96181978703133,
      "n_positions": 1.6477756267052701,
      "total_wallet_exposure_limit": 3.074074828884066,
      "unstuck_close_pct": 0.08500536300446533,
      "unstuck_ema_dist": -0.03282956176462822,
      "unstuck_loss_allowance_pct": 0.018928813211688777,
      "unstuck_threshold": 0.5512554415501153
    },
    "short": {
      "close_grid_markup_range": 0.004114635841777034,
      "close_grid_min_markup": 0.001794070383517081,
      "close_grid_qty_pct": 0.8063528886288849,
      "close_trailing_grid_ratio": 0.3692418726292935,
      "close_trailing_qty_pct": 0.8368162941143966,
      "close_trailing_retracement_pct": 0.006101270149749685,
      "close_trailing_threshold_pct": 0.008522958362363805,
      "ema_span_0": 670.0874712409727,
      "ema_span_1": 1152.6862751873277,
      "entry_grid_double_down_factor": 0.11955371068847678,
      "entry_grid_spacing_pct": 0.04766639792812132,
      "entry_grid_spacing_weight": 0.4384521893271134,
      "entry_initial_ema_dist": -0.09219731276273582,
      "entry_initial_qty_pct": 0.028349906682739,
      "entry_trailing_grid_ratio": 0.34181531705666907,
      "entry_trailing_retracement_pct": 0.00763384237824806,
      "entry_trailing_threshold_pct": 0.009154689924726513,
      "filter_relative_volume_clip_pct": 0.23038714898853105,
      "filter_rolling_window": 204.79217963674068,
      "n_positions": 2.228600697049857,
      "total_wallet_exposure_limit": 4.730173952562123,
      "unstuck_close_pct": 0.014016242245546373,
      "unstuck_ema_dist": -0.05551073225518268,
      "unstuck_loss_allowance_pct": 0.03882330147390636,
      "unstuck_threshold": 0.5514236533358252
    }
  },
  "live": {
    "approved_coins": { "long": ["POPCATUSDT"], "short": ["POPCATUSDT"] },
    "auto_gs": true,
    "coin_flags": {},
    "empty_means_all_approved": false,
    "execution_delay_seconds": 2,
    "filter_by_min_effective_cost": true,
    "forced_mode_long": "",
    "forced_mode_short": "",
    "ignored_coins": { "long": [], "short": [] },
    "leverage": 10,
    "max_n_cancellations_per_batch": 5,
    "max_n_creations_per_batch": 3,
    "max_n_restarts_per_day": 10,
    "minimum_coin_age_days": 3,
    "ohlcvs_1m_rolling_window_days": 4,
    "ohlcvs_1m_update_after_minutes": 10,
    "pnls_max_lookback_days": 30,
    "price_distance_threshold": 0.002,
    "time_in_force": "good_till_cancelled",
    "user": "bybit_passivbot"
  },
  "optimize": {
    "bounds": {
      "long_close_grid_markup_range": [0, 0.03],
      "long_close_grid_min_markup": [0.001, 0.03],
      "long_close_grid_qty_pct": [0.05, 1],
      "long_close_trailing_grid_ratio": [0, 1],
      "long_close_trailing_qty_pct": [0.05, 1],
      "long_close_trailing_retracement_pct": [0.005, 0.01],
      "long_close_trailing_threshold_pct": [0.005, 0.01],
      "long_ema_span_0": [200, 1440],
      "long_ema_span_1": [200, 1440],
      "long_entry_grid_double_down_factor": [0.1, 3],
      "long_entry_grid_spacing_pct": [0.001, 0.12],
      "long_entry_grid_spacing_weight": [0, 10],
      "long_entry_initial_ema_dist": [-0.1, 0.003],
      "long_entry_initial_qty_pct": [0.005, 0.1],
      "long_entry_trailing_grid_ratio": [0, 1],
      "long_entry_trailing_retracement_pct": [0.005, 0.01],
      "long_entry_trailing_threshold_pct": [0.005, 0.01],
      "long_filter_relative_volume_clip_pct": [0, 1],
      "long_filter_rolling_window": [10, 360],
      "long_n_positions": [1, 20],
      "long_total_wallet_exposure_limit": [0, 5],
      "long_unstuck_close_pct": [0.001, 0.1],
      "long_unstuck_ema_dist": [-0.1, 0.01],
      "long_unstuck_loss_allowance_pct": [0, 0.05],
      "long_unstuck_threshold": [0.4, 0.95],
      "short_close_grid_markup_range": [0, 0.03],
      "short_close_grid_min_markup": [0.001, 0.03],
      "short_close_grid_qty_pct": [0.05, 1],
      "short_close_trailing_grid_ratio": [0, 1],
      "short_close_trailing_qty_pct": [0.05, 1],
      "short_close_trailing_retracement_pct": [0.005, 0.01],
      "short_close_trailing_threshold_pct": [0.005, 0.01],
      "short_ema_span_0": [200, 1440],
      "short_ema_span_1": [200, 1440],
      "short_entry_grid_double_down_factor": [0.1, 3],
      "short_entry_grid_spacing_pct": [0.001, 0.12],
      "short_entry_grid_spacing_weight": [0, 10],
      "short_entry_initial_ema_dist": [-0.1, 0.003],
      "short_entry_initial_qty_pct": [0.005, 0.1],
      "short_entry_trailing_grid_ratio": [0, 1],
      "short_entry_trailing_retracement_pct": [0.005, 0.01],
      "short_entry_trailing_threshold_pct": [0.005, 0.01],
      "short_filter_relative_volume_clip_pct": [0, 1],
      "short_filter_rolling_window": [10, 360],
      "short_n_positions": [1, 20],
      "short_total_wallet_exposure_limit": [0, 5],
      "short_unstuck_close_pct": [0.001, 0.1],
      "short_unstuck_ema_dist": [-0.1, 0.01],
      "short_unstuck_loss_allowance_pct": [0, 0.05],
      "short_unstuck_threshold": [0.4, 0.95]
    },
    "compress_results_file": true,
    "crossover_probability": 0.7,
    "iters": 30000,
    "limits": {
      "lower_bound_drawdown_worst": 0.25,
      "lower_bound_equity_balance_diff_mean": 0.01,
      "lower_bound_loss_profit_ratio": 0.6
    },
    "mutation_probability": 0.2,
    "n_cpus": 12,
    "population_size": 500,
    "scoring": ["mdg", "sharpe_ratio"]
  },
  "results_filename": "optimize_results/2024-11-18T23_03_12_POPCAT_643344ca_all_results.txt"
}
